id,feedback,category,predicted_category
1,"The curriculum should include more practical and industry-relevant courses. Overall, the experience has been mixed.",Academics,Faculty
2,"Exams are conducted smoothly, but sometimes the questions are not aligned with lectures. It makes a real difference in daily student life.",Academics,Academics
3,"The syllabus is vast, but the professors do a great job explaining every topic clearly. Such improvements would greatly benefit everyone.",Academics,Academics
4,"Exams are conducted smoothly, but sometimes the questions are not aligned with lectures. It’s a step in the right direction, but more can be done.",Academics,Academics
5,I appreciate how we are encouraged to think critically in our assignments. This needs urgent attention.,Academics,Academics
6,"The syllabus is vast, but the professors do a great job explaining every topic clearly. Overall, the experience has been mixed.",Academics,Academics
7,"The curriculum should include more practical and industry-relevant courses. It’s a step in the right direction, but more can be done.",Academics,Academics
8,The curriculum should include more practical and industry-relevant courses. It makes a real difference in daily student life.,Academics,Academics
9,"The syllabus is vast, but the professors do a great job explaining every topic clearly. This needs urgent attention.",Academics,Academics
10,Some classes are too theoretical and lack interactive learning methods. This needs urgent attention.,Academics,Academics
11,Some classes are too theoretical and lack interactive learning methods. Such improvements would greatly benefit everyone.,Academics,Academics
12,I appreciate how we are encouraged to think critically in our assignments. It makes a real difference in daily student life.,Academics,Academics
13,"Exams are conducted smoothly, but sometimes the questions are not aligned with lectures. It makes a real difference in daily student life.",Academics,Academics
14,"The curriculum should include more practical and industry-relevant courses. Overall, the experience has been mixed.",Academics,Faculty
15,"Exams are conducted smoothly, but sometimes the questions are not aligned with lectures. This needs urgent attention.",Academics,Academics
16,"I appreciate how we are encouraged to think critically in our assignments. Overall, the experience has been mixed.",Academics,Academics
17,"The syllabus is vast, but the professors do a great job explaining every topic clearly. This needs urgent attention.",Academics,Academics
18,"I appreciate how we are encouraged to think critically in our assignments. It’s a step in the right direction, but more can be done.",Academics,Academics
19,I appreciate how we are encouraged to think critically in our assignments. Such improvements would greatly benefit everyone.,Academics,Academics
20,I appreciate how we are encouraged to think critically in our assignments. Such improvements would greatly benefit everyone.,Academics,Academics
21,The curriculum should include more practical and industry-relevant courses. It makes a real difference in daily student life.,Academics,Academics
22,Some classes are too theoretical and lack interactive learning methods. This needs urgent attention.,Academics,Academics
23,"Some classes are too theoretical and lack interactive learning methods. Overall, the experience has been mixed.",Academics,Academics
24,I appreciate how we are encouraged to think critically in our assignments. This needs urgent attention.,Academics,Academics
25,I appreciate how we are encouraged to think critically in our assignments. It makes a real difference in daily student life.,Academics,Academics
26,"The curriculum should include more practical and industry-relevant courses. Overall, the experience has been mixed.",Academics,Faculty
27,The curriculum should include more practical and industry-relevant courses. This needs urgent attention.,Academics,Faculty
28,"Exams are conducted smoothly, but sometimes the questions are not aligned with lectures. It’s a step in the right direction, but more can be done.",Academics,Academics
29,"Exams are conducted smoothly, but sometimes the questions are not aligned with lectures. Overall, the experience has been mixed.",Academics,Academics
30,"I appreciate how we are encouraged to think critically in our assignments. Overall, the experience has been mixed.",Academics,Academics
31,Some classes are too theoretical and lack interactive learning methods. This needs urgent attention.,Academics,Academics
32,"The syllabus is vast, but the professors do a great job explaining every topic clearly. This needs urgent attention.",Academics,Academics
33,The curriculum should include more practical and industry-relevant courses. This needs urgent attention.,Academics,Faculty
34,"I appreciate how we are encouraged to think critically in our assignments. Overall, the experience has been mixed.",Academics,Academics
35,The curriculum should include more practical and industry-relevant courses. It makes a real difference in daily student life.,Academics,Academics
36,"I appreciate how we are encouraged to think critically in our assignments. It’s a step in the right direction, but more can be done.",Academics,Academics
37,The curriculum should include more practical and industry-relevant courses. It makes a real difference in daily student life.,Academics,Academics
38,"Exams are conducted smoothly, but sometimes the questions are not aligned with lectures. It makes a real difference in daily student life.",Academics,Academics
39,"The syllabus is vast, but the professors do a great job explaining every topic clearly. Such improvements would greatly benefit everyone.",Academics,Academics
40,"The curriculum should include more practical and industry-relevant courses. Overall, the experience has been mixed.",Academics,Faculty
41,I appreciate how we are encouraged to think critically in our assignments. It makes a real difference in daily student life.,Academics,Academics
42,"The curriculum should include more practical and industry-relevant courses. It’s a step in the right direction, but more can be done.",Academics,Academics
43,"Exams are conducted smoothly, but sometimes the questions are not aligned with lectures. It’s a step in the right direction, but more can be done.",Academics,Academics
44,"Some classes are too theoretical and lack interactive learning methods. It’s a step in the right direction, but more can be done.",Academics,Academics
45,"I appreciate how we are encouraged to think critically in our assignments. Overall, the experience has been mixed.",Academics,Academics
46,"The syllabus is vast, but the professors do a great job explaining every topic clearly. It’s a step in the right direction, but more can be done.",Academics,Academics
47,"Exams are conducted smoothly, but sometimes the questions are not aligned with lectures. This needs urgent attention.",Academics,Academics
48,I appreciate how we are encouraged to think critically in our assignments. It makes a real difference in daily student life.,Academics,Academics
49,The curriculum should include more practical and industry-relevant courses. It makes a real difference in daily student life.,Academics,Academics
50,"Exams are conducted smoothly, but sometimes the questions are not aligned with lectures. It makes a real difference in daily student life.",Academics,Academics
51,Toilets in academic blocks need more frequent cleaning. It makes a real difference in daily student life.,Facilities,Facilities
52,The library space is excellent for group discussions and solo study. It makes a real difference in daily student life.,Facilities,Facilities
53,Our department’s classrooms have air conditioning and clean whiteboards. This needs urgent attention.,Facilities,Facilities
54,"The elevators in some buildings are not working properly. It’s a step in the right direction, but more can be done.",Facilities,Facilities
55,The auditorium is too small for hosting major college events. Such improvements would greatly benefit everyone.,Facilities,Facilities
56,"The elevators in some buildings are not working properly. Overall, the experience has been mixed.",Facilities,Facilities
57,"Our department’s classrooms have air conditioning and clean whiteboards. It’s a step in the right direction, but more can be done.",Facilities,Facilities
58,The auditorium is too small for hosting major college events. Such improvements would greatly benefit everyone.,Facilities,Facilities
59,The library space is excellent for group discussions and solo study. It makes a real difference in daily student life.,Facilities,Facilities
60,"The auditorium is too small for hosting major college events. It’s a step in the right direction, but more can be done.",Facilities,Facilities
61,The auditorium is too small for hosting major college events. This needs urgent attention.,Facilities,Facilities
62,"The auditorium is too small for hosting major college events. Overall, the experience has been mixed.",Facilities,Facilities
63,"The elevators in some buildings are not working properly. Overall, the experience has been mixed.",Facilities,Facilities
64,"The auditorium is too small for hosting major college events. It’s a step in the right direction, but more can be done.",Facilities,Facilities
65,"The auditorium is too small for hosting major college events. It’s a step in the right direction, but more can be done.",Facilities,Facilities
66,Our department’s classrooms have air conditioning and clean whiteboards. Such improvements would greatly benefit everyone.,Facilities,Facilities
67,The auditorium is too small for hosting major college events. It makes a real difference in daily student life.,Facilities,Facilities
68,The elevators in some buildings are not working properly. Such improvements would greatly benefit everyone.,Facilities,Facilities
69,"Our department’s classrooms have air conditioning and clean whiteboards. Overall, the experience has been mixed.",Facilities,Facilities
70,The library space is excellent for group discussions and solo study. Such improvements would greatly benefit everyone.,Facilities,Facilities
71,"The elevators in some buildings are not working properly. Overall, the experience has been mixed.",Facilities,Facilities
72,The library space is excellent for group discussions and solo study. Such improvements would greatly benefit everyone.,Facilities,Facilities
73,The elevators in some buildings are not working properly. It makes a real difference in daily student life.,Facilities,Facilities
74,"The elevators in some buildings are not working properly. It’s a step in the right direction, but more can be done.",Facilities,Facilities
75,"The library space is excellent for group discussions and solo study. Overall, the experience has been mixed.",Facilities,Facilities
76,"The auditorium is too small for hosting major college events. Overall, the experience has been mixed.",Facilities,Facilities
77,"The library space is excellent for group discussions and solo study. Overall, the experience has been mixed.",Facilities,Facilities
78,The elevators in some buildings are not working properly. Such improvements would greatly benefit everyone.,Facilities,Facilities
79,The auditorium is too small for hosting major college events. This needs urgent attention.,Facilities,Facilities
80,The library space is excellent for group discussions and solo study. It makes a real difference in daily student life.,Facilities,Facilities
81,The library space is excellent for group discussions and solo study. This needs urgent attention.,Facilities,Facilities
82,Toilets in academic blocks need more frequent cleaning. Such improvements would greatly benefit everyone.,Facilities,Facilities
83,"Toilets in academic blocks need more frequent cleaning. It’s a step in the right direction, but more can be done.",Facilities,Facilities
84,The elevators in some buildings are not working properly. This needs urgent attention.,Facilities,Facilities
85,The elevators in some buildings are not working properly. This needs urgent attention.,Facilities,Facilities
86,"The library space is excellent for group discussions and solo study. It’s a step in the right direction, but more can be done.",Facilities,Facilities
87,The auditorium is too small for hosting major college events. Such improvements would greatly benefit everyone.,Facilities,Facilities
88,"The auditorium is too small for hosting major college events. It’s a step in the right direction, but more can be done.",Facilities,Facilities
89,"The library space is excellent for group discussions and solo study. Overall, the experience has been mixed.",Facilities,Facilities
90,The library space is excellent for group discussions and solo study. It makes a real difference in daily student life.,Facilities,Facilities
91,"The library space is excellent for group discussions and solo study. Overall, the experience has been mixed.",Facilities,Facilities
92,The elevators in some buildings are not working properly. It makes a real difference in daily student life.,Facilities,Facilities
93,"The elevators in some buildings are not working properly. Overall, the experience has been mixed.",Facilities,Facilities
94,"The elevators in some buildings are not working properly. Overall, the experience has been mixed.",Facilities,Facilities
95,The auditorium is too small for hosting major college events. Such improvements would greatly benefit everyone.,Facilities,Facilities
96,"Toilets in academic blocks need more frequent cleaning. It’s a step in the right direction, but more can be done.",Facilities,Facilities
97,The elevators in some buildings are not working properly. This needs urgent attention.,Facilities,Facilities
98,"The elevators in some buildings are not working properly. It’s a step in the right direction, but more can be done.",Facilities,Facilities
99,"Our department’s classrooms have air conditioning and clean whiteboards. Overall, the experience has been mixed.",Facilities,Facilities
100,"The elevators in some buildings are not working properly. It’s a step in the right direction, but more can be done.",Facilities,Facilities
101,"The grievance redressal process should be more transparent. Overall, the experience has been mixed.",Administration,Administration
102,"Too many layers of approval are required for simple administrative requests. It’s a step in the right direction, but more can be done.",Administration,Administration
103,"Too many layers of approval are required for simple administrative requests. It’s a step in the right direction, but more can be done.",Administration,Administration
104,The grievance redressal process should be more transparent. Such improvements would greatly benefit everyone.,Administration,Administration
105,Clearer communication from the office about fee deadlines would help students a lot. It makes a real difference in daily student life.,Administration,Administration
106,"Too many layers of approval are required for simple administrative requests. It’s a step in the right direction, but more can be done.",Administration,Administration
107,Clearer communication from the office about fee deadlines would help students a lot. This needs urgent attention.,Administration,Administration
108,"I had a positive experience when applying for my transcripts this semester. It’s a step in the right direction, but more can be done.",Administration,Academics
109,"I had a positive experience when applying for my transcripts this semester. It’s a step in the right direction, but more can be done.",Administration,Academics
110,I had a positive experience when applying for my transcripts this semester. It makes a real difference in daily student life.,Administration,Academics
111,I had a positive experience when applying for my transcripts this semester. Such improvements would greatly benefit everyone.,Administration,Academics
112,Clearer communication from the office about fee deadlines would help students a lot. It makes a real difference in daily student life.,Administration,Administration
113,"The grievance redressal process should be more transparent. Overall, the experience has been mixed.",Administration,Administration
114,"Too many layers of approval are required for simple administrative requests. It’s a step in the right direction, but more can be done.",Administration,Administration
115,Too many layers of approval are required for simple administrative requests. This needs urgent attention.,Administration,Administration
116,Too many layers of approval are required for simple administrative requests. It makes a real difference in daily student life.,Administration,Administration
117,"Too many layers of approval are required for simple administrative requests. It’s a step in the right direction, but more can be done.",Administration,Administration
118,The admin office is often slow in processing student documents. This needs urgent attention.,Administration,Administration
119,Too many layers of approval are required for simple administrative requests. This needs urgent attention.,Administration,Administration
120,The admin office is often slow in processing student documents. It makes a real difference in daily student life.,Administration,Administration
121,I had a positive experience when applying for my transcripts this semester. Such improvements would greatly benefit everyone.,Administration,Academics
122,The admin office is often slow in processing student documents. Such improvements would greatly benefit everyone.,Administration,Administration
123,I had a positive experience when applying for my transcripts this semester. It makes a real difference in daily student life.,Administration,Academics
124,Too many layers of approval are required for simple administrative requests. This needs urgent attention.,Administration,Administration
125,The grievance redressal process should be more transparent. Such improvements would greatly benefit everyone.,Administration,Administration
126,"Clearer communication from the office about fee deadlines would help students a lot. It’s a step in the right direction, but more can be done.",Administration,Administration
127,I had a positive experience when applying for my transcripts this semester. Such improvements would greatly benefit everyone.,Administration,Academics
128,"I had a positive experience when applying for my transcripts this semester. Overall, the experience has been mixed.",Administration,Placements & Internships
129,"Clearer communication from the office about fee deadlines would help students a lot. It’s a step in the right direction, but more can be done.",Administration,Administration
130,Clearer communication from the office about fee deadlines would help students a lot. Such improvements would greatly benefit everyone.,Administration,Administration
131,"I had a positive experience when applying for my transcripts this semester. It’s a step in the right direction, but more can be done.",Administration,Academics
132,"Too many layers of approval are required for simple administrative requests. It’s a step in the right direction, but more can be done.",Administration,Administration
133,The admin office is often slow in processing student documents. Such improvements would greatly benefit everyone.,Administration,Administration
134,I had a positive experience when applying for my transcripts this semester. It makes a real difference in daily student life.,Administration,Academics
135,The admin office is often slow in processing student documents. This needs urgent attention.,Administration,Administration
136,"I had a positive experience when applying for my transcripts this semester. It’s a step in the right direction, but more can be done.",Administration,Academics
137,"Clearer communication from the office about fee deadlines would help students a lot. Overall, the experience has been mixed.",Administration,Administration
138,The grievance redressal process should be more transparent. It makes a real difference in daily student life.,Administration,Administration
139,"The admin office is often slow in processing student documents. It’s a step in the right direction, but more can be done.",Administration,Administration
140,Too many layers of approval are required for simple administrative requests. Such improvements would greatly benefit everyone.,Administration,Administration
141,"The admin office is often slow in processing student documents. It’s a step in the right direction, but more can be done.",Administration,Administration
142,Clearer communication from the office about fee deadlines would help students a lot. It makes a real difference in daily student life.,Administration,Administration
143,"Clearer communication from the office about fee deadlines would help students a lot. It’s a step in the right direction, but more can be done.",Administration,Administration
144,The admin office is often slow in processing student documents. It makes a real difference in daily student life.,Administration,Administration
145,"I had a positive experience when applying for my transcripts this semester. It’s a step in the right direction, but more can be done.",Administration,Academics
146,I had a positive experience when applying for my transcripts this semester. This needs urgent attention.,Administration,Academics
147,"I had a positive experience when applying for my transcripts this semester. Overall, the experience has been mixed.",Administration,Placements & Internships
148,Clearer communication from the office about fee deadlines would help students a lot. This needs urgent attention.,Administration,Administration
149,"Too many layers of approval are required for simple administrative requests. It’s a step in the right direction, but more can be done.",Administration,Administration
150,The admin office is often slow in processing student documents. It makes a real difference in daily student life.,Administration,Administration
151,"Professors are generally very approachable and helpful outside class hours. It’s a step in the right direction, but more can be done.",Faculty,Academics
152,"Some teachers just read slides without adding any extra explanation. Overall, the experience has been mixed.",Faculty,Academics
153,Certain faculty members frequently cancel or reschedule classes. This needs urgent attention.,Faculty,Faculty
154,"Faculty with industry experience bring valuable insights to class. Overall, the experience has been mixed.",Faculty,Faculty
155,Certain faculty members frequently cancel or reschedule classes. This needs urgent attention.,Faculty,Faculty
156,Certain faculty members frequently cancel or reschedule classes. Such improvements would greatly benefit everyone.,Faculty,Faculty
157,"Professors are generally very approachable and helpful outside class hours. It’s a step in the right direction, but more can be done.",Faculty,Academics
158,Certain faculty members frequently cancel or reschedule classes. It makes a real difference in daily student life.,Faculty,Faculty
159,Faculty with industry experience bring valuable insights to class. This needs urgent attention.,Faculty,Faculty
160,"Professors are generally very approachable and helpful outside class hours. Overall, the experience has been mixed.",Faculty,Academics
161,Faculty with industry experience bring valuable insights to class. Such improvements would greatly benefit everyone.,Faculty,Faculty
162,Professors are generally very approachable and helpful outside class hours. This needs urgent attention.,Faculty,Academics
163,Faculty with industry experience bring valuable insights to class. This needs urgent attention.,Faculty,Faculty
164,Faculty with industry experience bring valuable insights to class. It makes a real difference in daily student life.,Faculty,Faculty
165,Some teachers just read slides without adding any extra explanation. This needs urgent attention.,Faculty,Academics
166,"Faculty with industry experience bring valuable insights to class. Overall, the experience has been mixed.",Faculty,Faculty
167,"Some teachers just read slides without adding any extra explanation. It’s a step in the right direction, but more can be done.",Faculty,Academics
168,Some teachers just read slides without adding any extra explanation. This needs urgent attention.,Faculty,Academics
169,"Some teachers just read slides without adding any extra explanation. It’s a step in the right direction, but more can be done.",Faculty,Academics
170,Faculty with industry experience bring valuable insights to class. This needs urgent attention.,Faculty,Faculty
171,"Faculty with industry experience bring valuable insights to class. It’s a step in the right direction, but more can be done.",Faculty,Faculty
172,Some teachers just read slides without adding any extra explanation. Such improvements would greatly benefit everyone.,Faculty,Academics
173,Certain faculty members frequently cancel or reschedule classes. It makes a real difference in daily student life.,Faculty,Faculty
174,"Faculty with industry experience bring valuable insights to class. It’s a step in the right direction, but more can be done.",Faculty,Faculty
175,Professors are generally very approachable and helpful outside class hours. This needs urgent attention.,Faculty,Academics
176,"Professors are generally very approachable and helpful outside class hours. Overall, the experience has been mixed.",Faculty,Academics
177,Faculty with industry experience bring valuable insights to class. This needs urgent attention.,Faculty,Faculty
178,Faculty with industry experience bring valuable insights to class. Such improvements would greatly benefit everyone.,Faculty,Faculty
179,It’s great that faculty are open to feedback from students. It makes a real difference in daily student life.,Faculty,Faculty
180,Faculty with industry experience bring valuable insights to class. This needs urgent attention.,Faculty,Faculty
181,Faculty with industry experience bring valuable insights to class. This needs urgent attention.,Faculty,Faculty
182,Faculty with industry experience bring valuable insights to class. It makes a real difference in daily student life.,Faculty,Faculty
183,Professors are generally very approachable and helpful outside class hours. Such improvements would greatly benefit everyone.,Faculty,Academics
184,Faculty with industry experience bring valuable insights to class. This needs urgent attention.,Faculty,Faculty
185,It’s great that faculty are open to feedback from students. It makes a real difference in daily student life.,Faculty,Faculty
186,Faculty with industry experience bring valuable insights to class. It makes a real difference in daily student life.,Faculty,Faculty
187,"It’s great that faculty are open to feedback from students. It’s a step in the right direction, but more can be done.",Faculty,Faculty
188,"It’s great that faculty are open to feedback from students. It’s a step in the right direction, but more can be done.",Faculty,Faculty
189,It’s great that faculty are open to feedback from students. Such improvements would greatly benefit everyone.,Faculty,Faculty
190,Certain faculty members frequently cancel or reschedule classes. This needs urgent attention.,Faculty,Faculty
191,Certain faculty members frequently cancel or reschedule classes. This needs urgent attention.,Faculty,Faculty
192,Some teachers just read slides without adding any extra explanation. It makes a real difference in daily student life.,Faculty,Academics
193,Faculty with industry experience bring valuable insights to class. Such improvements would greatly benefit everyone.,Faculty,Faculty
194,Faculty with industry experience bring valuable insights to class. This needs urgent attention.,Faculty,Faculty
195,"It’s great that faculty are open to feedback from students. Overall, the experience has been mixed.",Faculty,Faculty
196,"Some teachers just read slides without adding any extra explanation. Overall, the experience has been mixed.",Faculty,Academics
197,Faculty with industry experience bring valuable insights to class. This needs urgent attention.,Faculty,Faculty
198,Professors are generally very approachable and helpful outside class hours. Such improvements would greatly benefit everyone.,Faculty,Academics
199,"Faculty with industry experience bring valuable insights to class. It’s a step in the right direction, but more can be done.",Faculty,Faculty
200,"Professors are generally very approachable and helpful outside class hours. Overall, the experience has been mixed.",Faculty,Academics
201,More support is needed for students aiming for internships in research roles. Such improvements would greatly benefit everyone.,Placements & Internships,Placements & Internships
202,More support is needed for students aiming for internships in research roles. It makes a real difference in daily student life.,Placements & Internships,Placements & Internships
203,"More support is needed for students aiming for internships in research roles. Overall, the experience has been mixed.",Placements & Internships,Placements & Internships
204,"Internship registration deadlines are often too close to final exams. Overall, the experience has been mixed.",Placements & Internships,Placements & Internships
205,More support is needed for students aiming for internships in research roles. It makes a real difference in daily student life.,Placements & Internships,Placements & Internships
206,The placement cell is helpful and shares regular updates on job opportunities. It makes a real difference in daily student life.,Placements & Internships,Placements & Internships
207,More support is needed for students aiming for internships in research roles. This needs urgent attention.,Placements & Internships,Placements & Internships
208,"Internship registration deadlines are often too close to final exams. Overall, the experience has been mixed.",Placements & Internships,Placements & Internships
209,"Internship registration deadlines are often too close to final exams. It’s a step in the right direction, but more can be done.",Placements & Internships,Placements & Internships
210,Internship registration deadlines are often too close to final exams. It makes a real difference in daily student life.,Placements & Internships,Placements & Internships
211,"Companies visiting the campus mostly hire for tech roles; other domains get fewer options. It’s a step in the right direction, but more can be done.",Placements & Internships,Placements & Internships
212,Mock interviews conducted by the placement team were extremely helpful. It makes a real difference in daily student life.,Placements & Internships,Placements & Internships
213,Mock interviews conducted by the placement team were extremely helpful. It makes a real difference in daily student life.,Placements & Internships,Placements & Internships
214,Internship registration deadlines are often too close to final exams. Such improvements would greatly benefit everyone.,Placements & Internships,Placements & Internships
215,"Mock interviews conducted by the placement team were extremely helpful. Overall, the experience has been mixed.",Placements & Internships,Placements & Internships
216,Companies visiting the campus mostly hire for tech roles; other domains get fewer options. Such improvements would greatly benefit everyone.,Placements & Internships,Facilities
217,"The placement cell is helpful and shares regular updates on job opportunities. It’s a step in the right direction, but more can be done.",Placements & Internships,Placements & Internships
218,More support is needed for students aiming for internships in research roles. It makes a real difference in daily student life.,Placements & Internships,Placements & Internships
219,"Internship registration deadlines are often too close to final exams. Overall, the experience has been mixed.",Placements & Internships,Placements & Internships
220,"Mock interviews conducted by the placement team were extremely helpful. Overall, the experience has been mixed.",Placements & Internships,Placements & Internships
221,"Companies visiting the campus mostly hire for tech roles; other domains get fewer options. It’s a step in the right direction, but more can be done.",Placements & Internships,Placements & Internships
222,Internship registration deadlines are often too close to final exams. This needs urgent attention.,Placements & Internships,Placements & Internships
223,"The placement cell is helpful and shares regular updates on job opportunities. Overall, the experience has been mixed.",Placements & Internships,Placements & Internships
224,The placement cell is helpful and shares regular updates on job opportunities. Such improvements would greatly benefit everyone.,Placements & Internships,Placements & Internships
225,"Companies visiting the campus mostly hire for tech roles; other domains get fewer options. Overall, the experience has been mixed.",Placements & Internships,Placements & Internships
226,"The placement cell is helpful and shares regular updates on job opportunities. Overall, the experience has been mixed.",Placements & Internships,Placements & Internships
227,"Companies visiting the campus mostly hire for tech roles; other domains get fewer options. It’s a step in the right direction, but more can be done.",Placements & Internships,Placements & Internships
228,Internship registration deadlines are often too close to final exams. Such improvements would greatly benefit everyone.,Placements & Internships,Placements & Internships
229,Mock interviews conducted by the placement team were extremely helpful. It makes a real difference in daily student life.,Placements & Internships,Placements & Internships
230,Mock interviews conducted by the placement team were extremely helpful. Such improvements would greatly benefit everyone.,Placements & Internships,Placements & Internships
231,The placement cell is helpful and shares regular updates on job opportunities. It makes a real difference in daily student life.,Placements & Internships,Placements & Internships
232,The placement cell is helpful and shares regular updates on job opportunities. It makes a real difference in daily student life.,Placements & Internships,Placements & Internships
233,"Mock interviews conducted by the placement team were extremely helpful. It’s a step in the right direction, but more can be done.",Placements & Internships,Placements & Internships
234,Companies visiting the campus mostly hire for tech roles; other domains get fewer options. Such improvements would greatly benefit everyone.,Placements & Internships,Facilities
235,"Companies visiting the campus mostly hire for tech roles; other domains get fewer options. Overall, the experience has been mixed.",Placements & Internships,Placements & Internships
236,Mock interviews conducted by the placement team were extremely helpful. Such improvements would greatly benefit everyone.,Placements & Internships,Placements & Internships
237,"Mock interviews conducted by the placement team were extremely helpful. It’s a step in the right direction, but more can be done.",Placements & Internships,Placements & Internships
238,"More support is needed for students aiming for internships in research roles. It’s a step in the right direction, but more can be done.",Placements & Internships,Placements & Internships
239,"The placement cell is helpful and shares regular updates on job opportunities. Overall, the experience has been mixed.",Placements & Internships,Placements & Internships
240,Companies visiting the campus mostly hire for tech roles; other domains get fewer options. This needs urgent attention.,Placements & Internships,Placements & Internships
241,Companies visiting the campus mostly hire for tech roles; other domains get fewer options. This needs urgent attention.,Placements & Internships,Placements & Internships
242,More support is needed for students aiming for internships in research roles. It makes a real difference in daily student life.,Placements & Internships,Placements & Internships
243,Companies visiting the campus mostly hire for tech roles; other domains get fewer options. Such improvements would greatly benefit everyone.,Placements & Internships,Facilities
244,Internship registration deadlines are often too close to final exams. It makes a real difference in daily student life.,Placements & Internships,Placements & Internships
245,"More support is needed for students aiming for internships in research roles. Overall, the experience has been mixed.",Placements & Internships,Placements & Internships
246,The placement cell is helpful and shares regular updates on job opportunities. This needs urgent attention.,Placements & Internships,Placements & Internships
247,Mock interviews conducted by the placement team were extremely helpful. This needs urgent attention.,Placements & Internships,Placements & Internships
248,More support is needed for students aiming for internships in research roles. This needs urgent attention.,Placements & Internships,Placements & Internships
249,The placement cell is helpful and shares regular updates on job opportunities. Such improvements would greatly benefit everyone.,Placements & Internships,Placements & Internships
250,More support is needed for students aiming for internships in research roles. This needs urgent attention.,Placements & Internships,Placements & Internships
251,"The hostel rooms are cleaned regularly, and the warden is responsive to issues. Such improvements would greatly benefit everyone.",Hostel & Accommodation,Hostel & Accommodation
252,"The hostel rooms are cleaned regularly, and the warden is responsive to issues. It makes a real difference in daily student life.",Hostel & Accommodation,Hostel & Accommodation
253,Water supply in the hostel has been irregular during weekends. It makes a real difference in daily student life.,Hostel & Accommodation,Hostel & Accommodation
254,"Water supply in the hostel has been irregular during weekends. Overall, the experience has been mixed.",Hostel & Accommodation,Hostel & Accommodation
255,Water supply in the hostel has been irregular during weekends. This needs urgent attention.,Hostel & Accommodation,Hostel & Accommodation
256,I wish there were more single occupancy rooms in the hostel. This needs urgent attention.,Hostel & Accommodation,Hostel & Accommodation
257,The new security system in hostels has made students feel much safer. It makes a real difference in daily student life.,Hostel & Accommodation,Hostel & Accommodation
258,"Water supply in the hostel has been irregular during weekends. Overall, the experience has been mixed.",Hostel & Accommodation,Hostel & Accommodation
259,"Mess food is improving, but the quality can still be inconsistent. Overall, the experience has been mixed.",Hostel & Accommodation,Facility
260,Water supply in the hostel has been irregular during weekends. It makes a real difference in daily student life.,Hostel & Accommodation,Hostel & Accommodation
261,Water supply in the hostel has been irregular during weekends. This needs urgent attention.,Hostel & Accommodation,Hostel & Accommodation
262,Water supply in the hostel has been irregular during weekends. Such improvements would greatly benefit everyone.,Hostel & Accommodation,Hostel & Accommodation
263,"I wish there were more single occupancy rooms in the hostel. It’s a step in the right direction, but more can be done.",Hostel & Accommodation,Hostel & Accommodation
264,"Water supply in the hostel has been irregular during weekends. Overall, the experience has been mixed.",Hostel & Accommodation,Hostel & Accommodation
265,"The hostel rooms are cleaned regularly, and the warden is responsive to issues. It’s a step in the right direction, but more can be done.",Hostel & Accommodation,Hostel & Accommodation
266,"The hostel rooms are cleaned regularly, and the warden is responsive to issues. It’s a step in the right direction, but more can be done.",Hostel & Accommodation,Hostel & Accommodation
267,"Water supply in the hostel has been irregular during weekends. It’s a step in the right direction, but more can be done.",Hostel & Accommodation,Hostel & Accommodation
268,"Mess food is improving, but the quality can still be inconsistent. It makes a real difference in daily student life.",Hostel & Accommodation,Facilities
269,Water supply in the hostel has been irregular during weekends. This needs urgent attention.,Hostel & Accommodation,Hostel & Accommodation
270,"The hostel rooms are cleaned regularly, and the warden is responsive to issues. This needs urgent attention.",Hostel & Accommodation,Hostel & Accommodation
271,The new security system in hostels has made students feel much safer. It makes a real difference in daily student life.,Hostel & Accommodation,Hostel & Accommodation
272,"The new security system in hostels has made students feel much safer. Overall, the experience has been mixed.",Hostel & Accommodation,Hostel & Accommodation
273,"Mess food is improving, but the quality can still be inconsistent. This needs urgent attention.",Hostel & Accommodation,Facilities
274,The new security system in hostels has made students feel much safer. This needs urgent attention.,Hostel & Accommodation,Hostel & Accommodation
275,The new security system in hostels has made students feel much safer. This needs urgent attention.,Hostel & Accommodation,Hostel & Accommodation
276,"I wish there were more single occupancy rooms in the hostel. Overall, the experience has been mixed.",Hostel & Accommodation,Hostel & Accommodation
277,"I wish there were more single occupancy rooms in the hostel. It’s a step in the right direction, but more can be done.",Hostel & Accommodation,Hostel & Accommodation
278,"The new security system in hostels has made students feel much safer. Overall, the experience has been mixed.",Hostel & Accommodation,Hostel & Accommodation
279,"The hostel rooms are cleaned regularly, and the warden is responsive to issues. This needs urgent attention.",Hostel & Accommodation,Hostel & Accommodation
280,"The hostel rooms are cleaned regularly, and the warden is responsive to issues. Overall, the experience has been mixed.",Hostel & Accommodation,Hostel & Accommodation
281,"The hostel rooms are cleaned regularly, and the warden is responsive to issues. It’s a step in the right direction, but more can be done.",Hostel & Accommodation,Hostel & Accommodation
282,Water supply in the hostel has been irregular during weekends. Such improvements would greatly benefit everyone.,Hostel & Accommodation,Hostel & Accommodation
283,"The new security system in hostels has made students feel much safer. Overall, the experience has been mixed.",Hostel & Accommodation,Hostel & Accommodation
284,"Mess food is improving, but the quality can still be inconsistent. Overall, the experience has been mixed.",Hostel & Accommodation,Facility
285,Water supply in the hostel has been irregular during weekends. This needs urgent attention.,Hostel & Accommodation,Hostel & Accommodation
286,"Mess food is improving, but the quality can still be inconsistent. Such improvements would greatly benefit everyone.",Hostel & Accommodation,Facilities
287,The new security system in hostels has made students feel much safer. This needs urgent attention.,Hostel & Accommodation,Hostel & Accommodation
288,I wish there were more single occupancy rooms in the hostel. Such improvements would greatly benefit everyone.,Hostel & Accommodation,Hostel & Accommodation
289,"Mess food is improving, but the quality can still be inconsistent. It’s a step in the right direction, but more can be done.",Hostel & Accommodation,Facilities
290,"The hostel rooms are cleaned regularly, and the warden is responsive to issues. Such improvements would greatly benefit everyone.",Hostel & Accommodation,Hostel & Accommodation
291,"I wish there were more single occupancy rooms in the hostel. Overall, the experience has been mixed.",Hostel & Accommodation,Hostel & Accommodation
292,The new security system in hostels has made students feel much safer. Such improvements would greatly benefit everyone.,Hostel & Accommodation,Hostel & Accommodation
293,Water supply in the hostel has been irregular during weekends. It makes a real difference in daily student life.,Hostel & Accommodation,Hostel & Accommodation
294,"The new security system in hostels has made students feel much safer. It’s a step in the right direction, but more can be done.",Hostel & Accommodation,Hostel & Accommodation
295,"Mess food is improving, but the quality can still be inconsistent. It makes a real difference in daily student life.",Hostel & Accommodation,Facilities
296,"The hostel rooms are cleaned regularly, and the warden is responsive to issues. Overall, the experience has been mixed.",Hostel & Accommodation,Hostel & Accommodation
297,The new security system in hostels has made students feel much safer. It makes a real difference in daily student life.,Hostel & Accommodation,Hostel & Accommodation
298,"The new security system in hostels has made students feel much safer. Overall, the experience has been mixed.",Hostel & Accommodation,Hostel & Accommodation
299,"The hostel rooms are cleaned regularly, and the warden is responsive to issues. This needs urgent attention.",Hostel & Accommodation,Hostel & Accommodation
300,"I wish there were more single occupancy rooms in the hostel. It’s a step in the right direction, but more can be done.",Hostel & Accommodation,Hostel & Accommodation
301,"The Wi-Fi connectivity fluctuates a lot during peak hours. It’s a step in the right direction, but more can be done.",Technical Infrastructure,Technical Infrastructure
302,Printers in the library are always out of order or paper. It makes a real difference in daily student life.,Technical Infrastructure,Facilities
303,The Wi-Fi connectivity fluctuates a lot during peak hours. Such improvements would greatly benefit everyone.,Technical Infrastructure,Technical Infrastructure
304,The online exam system crashed multiple times last semester. Such improvements would greatly benefit everyone.,Technical Infrastructure,Technical Infrastructure
305,The online exam system crashed multiple times last semester. This needs urgent attention.,Technical Infrastructure,Technical Infrastructure
306,Computer labs are well-maintained and equipped with modern systems. It makes a real difference in daily student life.,Technical Infrastructure,Facilities
307,Computer labs are well-maintained and equipped with modern systems. This needs urgent attention.,Technical Infrastructure,Facilities
308,"The Wi-Fi connectivity fluctuates a lot during peak hours. It’s a step in the right direction, but more can be done.",Technical Infrastructure,Technical Infrastructure
309,The online exam system crashed multiple times last semester. Such improvements would greatly benefit everyone.,Technical Infrastructure,Technical Infrastructure
310,"Printers in the library are always out of order or paper. It’s a step in the right direction, but more can be done.",Technical Infrastructure,Facilities
311,The online exam system crashed multiple times last semester. It makes a real difference in daily student life.,Technical Infrastructure,Educational
312,"The Wi-Fi connectivity fluctuates a lot during peak hours. It’s a step in the right direction, but more can be done.",Technical Infrastructure,Technical Infrastructure
313,We need more charging points in classrooms and labs. Such improvements would greatly benefit everyone.,Technical Infrastructure,Facilities
314,Computer labs are well-maintained and equipped with modern systems. This needs urgent attention.,Technical Infrastructure,Facilities
315,We need more charging points in classrooms and labs. This needs urgent attention.,Technical Infrastructure,Facilities
316,The Wi-Fi connectivity fluctuates a lot during peak hours. Such improvements would greatly benefit everyone.,Technical Infrastructure,Technical Infrastructure
317,"Printers in the library are always out of order or paper. It’s a step in the right direction, but more can be done.",Technical Infrastructure,Facilities
318,Computer labs are well-maintained and equipped with modern systems. It makes a real difference in daily student life.,Technical Infrastructure,Facilities
319,We need more charging points in classrooms and labs. It makes a real difference in daily student life.,Technical Infrastructure,Facilities
320,"Printers in the library are always out of order or paper. It’s a step in the right direction, but more can be done.",Technical Infrastructure,Facilities
321,We need more charging points in classrooms and labs. Such improvements would greatly benefit everyone.,Technical Infrastructure,Facilities
322,We need more charging points in classrooms and labs. It makes a real difference in daily student life.,Technical Infrastructure,Facilities
323,"The Wi-Fi connectivity fluctuates a lot during peak hours. Overall, the experience has been mixed.",Technical Infrastructure,Technical Infrastructure
324,"The Wi-Fi connectivity fluctuates a lot during peak hours. Overall, the experience has been mixed.",Technical Infrastructure,Technical Infrastructure
325,"Computer labs are well-maintained and equipped with modern systems. Overall, the experience has been mixed.",Technical Infrastructure,Facility
326,We need more charging points in classrooms and labs. This needs urgent attention.,Technical Infrastructure,Facilities
327,Computer labs are well-maintained and equipped with modern systems. This needs urgent attention.,Technical Infrastructure,Facilities
328,We need more charging points in classrooms and labs. It makes a real difference in daily student life.,Technical Infrastructure,Facilities
329,Printers in the library are always out of order or paper. Such improvements would greatly benefit everyone.,Technical Infrastructure,Facilities
330,The online exam system crashed multiple times last semester. This needs urgent attention.,Technical Infrastructure,Technical Infrastructure
331,Printers in the library are always out of order or paper. Such improvements would greatly benefit everyone.,Technical Infrastructure,Facilities
332,"Printers in the library are always out of order or paper. Overall, the experience has been mixed.",Technical Infrastructure,Facilities
333,"The online exam system crashed multiple times last semester. It’s a step in the right direction, but more can be done.",Technical Infrastructure,Technical Infrastructure
334,The online exam system crashed multiple times last semester. It makes a real difference in daily student life.,Technical Infrastructure,Educational
335,Printers in the library are always out of order or paper. It makes a real difference in daily student life.,Technical Infrastructure,Facilities
336,Computer labs are well-maintained and equipped with modern systems. This needs urgent attention.,Technical Infrastructure,Facilities
337,The online exam system crashed multiple times last semester. This needs urgent attention.,Technical Infrastructure,Technical Infrastructure
338,"The Wi-Fi connectivity fluctuates a lot during peak hours. It’s a step in the right direction, but more can be done.",Technical Infrastructure,Technical Infrastructure
339,The online exam system crashed multiple times last semester. Such improvements would greatly benefit everyone.,Technical Infrastructure,Technical Infrastructure
340,We need more charging points in classrooms and labs. Such improvements would greatly benefit everyone.,Technical Infrastructure,Facilities
341,We need more charging points in classrooms and labs. Such improvements would greatly benefit everyone.,Technical Infrastructure,Facilities
342,Computer labs are well-maintained and equipped with modern systems. It makes a real difference in daily student life.,Technical Infrastructure,Facilities
343,Computer labs are well-maintained and equipped with modern systems. It makes a real difference in daily student life.,Technical Infrastructure,Facilities
344,Printers in the library are always out of order or paper. This needs urgent attention.,Technical Infrastructure,Facilities
345,We need more charging points in classrooms and labs. It makes a real difference in daily student life.,Technical Infrastructure,Facilities
346,The online exam system crashed multiple times last semester. This needs urgent attention.,Technical Infrastructure,Technical Infrastructure
347,Computer labs are well-maintained and equipped with modern systems. It makes a real difference in daily student life.,Technical Infrastructure,Facilities
348,"We need more charging points in classrooms and labs. It’s a step in the right direction, but more can be done.",Technical Infrastructure,Facilities
349,Computer labs are well-maintained and equipped with modern systems. Such improvements would greatly benefit everyone.,Technical Infrastructure,Facilities
350,Printers in the library are always out of order or paper. This needs urgent attention.,Technical Infrastructure,Facilities
351,The drama club put on a great performance this semester. This needs urgent attention.,Extracurricular Activities,Extracurricular Activities
352,Sometimes extracurricular activities clash with academic schedules. This needs urgent attention.,Extracurricular Activities,Extracurricular Activities
353,"The drama club put on a great performance this semester. Overall, the experience has been mixed.",Extracurricular Activities,Extracurricular Activities
354,The drama club put on a great performance this semester. This needs urgent attention.,Extracurricular Activities,Extracurricular Activities
355,"Workshops for music and dance are well-organized and enjoyable. It’s a step in the right direction, but more can be done.",Extracurricular Activities,Facilities
356,The drama club put on a great performance this semester. This needs urgent attention.,Extracurricular Activities,Extracurricular Activities
357,"We need more inter-departmental competitions and events. Overall, the experience has been mixed.",Extracurricular Activities,Extracurricular Activities
358,"The drama club put on a great performance this semester. Overall, the experience has been mixed.",Extracurricular Activities,Extracurricular Activities
359,Workshops for music and dance are well-organized and enjoyable. It makes a real difference in daily student life.,Extracurricular Activities,Extracurricular Activities
360,It would be great to have a coding club for beginners. Such improvements would greatly benefit everyone.,Extracurricular Activities,Educational
361,"We need more inter-departmental competitions and events. Overall, the experience has been mixed.",Extracurricular Activities,Extracurricular Activities
362,Workshops for music and dance are well-organized and enjoyable. It makes a real difference in daily student life.,Extracurricular Activities,Extracurricular Activities
363,We need more inter-departmental competitions and events. It makes a real difference in daily student life.,Extracurricular Activities,Extracurricular Activities
364,It would be great to have a coding club for beginners. It makes a real difference in daily student life.,Extracurricular Activities,Extracurricular Activities
365,It would be great to have a coding club for beginners. Such improvements would greatly benefit everyone.,Extracurricular Activities,Educational
366,It would be great to have a coding club for beginners. This needs urgent attention.,Extracurricular Activities,Educational
367,We need more inter-departmental competitions and events. Such improvements would greatly benefit everyone.,Extracurricular Activities,Extracurricular Activities
368,Sometimes extracurricular activities clash with academic schedules. Such improvements would greatly benefit everyone.,Extracurricular Activities,Extracurricular Activities
369,The drama club put on a great performance this semester. This needs urgent attention.,Extracurricular Activities,Extracurricular Activities
370,"Workshops for music and dance are well-organized and enjoyable. It’s a step in the right direction, but more can be done.",Extracurricular Activities,Facilities
371,"The drama club put on a great performance this semester. Overall, the experience has been mixed.",Extracurricular Activities,Extracurricular Activities
372,"The drama club put on a great performance this semester. Overall, the experience has been mixed.",Extracurricular Activities,Extracurricular Activities
373,We need more inter-departmental competitions and events. It makes a real difference in daily student life.,Extracurricular Activities,Extracurricular Activities
374,"We need more inter-departmental competitions and events. Overall, the experience has been mixed.",Extracurricular Activities,Extracurricular Activities
375,"Sometimes extracurricular activities clash with academic schedules. It’s a step in the right direction, but more can be done.",Extracurricular Activities,Extracurricular Activities
376,We need more inter-departmental competitions and events. This needs urgent attention.,Extracurricular Activities,Extracurricular Activities
377,We need more inter-departmental competitions and events. Such improvements would greatly benefit everyone.,Extracurricular Activities,Extracurricular Activities
378,"It would be great to have a coding club for beginners. It’s a step in the right direction, but more can be done.",Extracurricular Activities,Technical Infrastructure
379,The drama club put on a great performance this semester. It makes a real difference in daily student life.,Extracurricular Activities,Extracurricular Activities
380,We need more inter-departmental competitions and events. Such improvements would greatly benefit everyone.,Extracurricular Activities,Extracurricular Activities
381,We need more inter-departmental competitions and events. Such improvements would greatly benefit everyone.,Extracurricular Activities,Extracurricular Activities
382,Workshops for music and dance are well-organized and enjoyable. Such improvements would greatly benefit everyone.,Extracurricular Activities,Facilities
383,Sometimes extracurricular activities clash with academic schedules. It makes a real difference in daily student life.,Extracurricular Activities,Extracurricular Activities
384,Sometimes extracurricular activities clash with academic schedules. Such improvements would greatly benefit everyone.,Extracurricular Activities,Extracurricular Activities
385,"It would be great to have a coding club for beginners. It’s a step in the right direction, but more can be done.",Extracurricular Activities,Technical Infrastructure
386,"We need more inter-departmental competitions and events. It’s a step in the right direction, but more can be done.",Extracurricular Activities,Extracurricular Activities
387,Sometimes extracurricular activities clash with academic schedules. It makes a real difference in daily student life.,Extracurricular Activities,Extracurricular Activities
388,It would be great to have a coding club for beginners. Such improvements would greatly benefit everyone.,Extracurricular Activities,Educational
389,"Sometimes extracurricular activities clash with academic schedules. Overall, the experience has been mixed.",Extracurricular Activities,Extracurricular Activities
390,"Workshops for music and dance are well-organized and enjoyable. It’s a step in the right direction, but more can be done.",Extracurricular Activities,Facilities
391,The drama club put on a great performance this semester. Such improvements would greatly benefit everyone.,Extracurricular Activities,Extracurricular Activities
392,It would be great to have a coding club for beginners. It makes a real difference in daily student life.,Extracurricular Activities,Extracurricular Activities
393,Sometimes extracurricular activities clash with academic schedules. This needs urgent attention.,Extracurricular Activities,Extracurricular Activities
394,"Workshops for music and dance are well-organized and enjoyable. Overall, the experience has been mixed.",Extracurricular Activities,Placements & Internships
395,Sometimes extracurricular activities clash with academic schedules. This needs urgent attention.,Extracurricular Activities,Extracurricular Activities
396,"The drama club put on a great performance this semester. Overall, the experience has been mixed.",Extracurricular Activities,Extracurricular Activities
397,"The drama club put on a great performance this semester. It’s a step in the right direction, but more can be done.",Extracurricular Activities,Extracurricular Activities
398,It would be great to have a coding club for beginners. Such improvements would greatly benefit everyone.,Extracurricular Activities,Educational
399,"It would be great to have a coding club for beginners. Overall, the experience has been mixed.",Extracurricular Activities,Technical Infrastructure
400,It would be great to have a coding club for beginners. Such improvements would greatly benefit everyone.,Extracurricular Activities,Educational
401,"The college gym could use better equipment and ventilation. It’s a step in the right direction, but more can be done.",Health & Wellness,Facilities
402,"There needs to be more awareness about hygiene practices in the cafeteria. Overall, the experience has been mixed.",Health & Wellness,Facility
403,The campus medical center is quick to respond in emergencies. This needs urgent attention.,Health & Wellness,Facilities
404,There needs to be more awareness about hygiene practices in the cafeteria. It makes a real difference in daily student life.,Health & Wellness,Health & Wellness
405,The college gym could use better equipment and ventilation. Such improvements would greatly benefit everyone.,Health & Wellness,Facilities
406,The campus medical center is quick to respond in emergencies. This needs urgent attention.,Health & Wellness,Facilities
407,Health checkup camps organized by the college are really helpful. It makes a real difference in daily student life.,Health & Wellness,Health & Wellness
408,Health checkup camps organized by the college are really helpful. This needs urgent attention.,Health & Wellness,Health & Wellness
409,"The college gym could use better equipment and ventilation. Overall, the experience has been mixed.",Health & Wellness,Facilities
410,The college gym could use better equipment and ventilation. Such improvements would greatly benefit everyone.,Health & Wellness,Facilities
411,There needs to be more awareness about hygiene practices in the cafeteria. This needs urgent attention.,Health & Wellness,Health & Wellness
412,Mental health support services should be expanded. It makes a real difference in daily student life.,Health & Wellness,Health & Wellness
413,Mental health support services should be expanded. This needs urgent attention.,Health & Wellness,Health & Wellness
414,There needs to be more awareness about hygiene practices in the cafeteria. Such improvements would greatly benefit everyone.,Health & Wellness,Health & Wellness
415,"The college gym could use better equipment and ventilation. It’s a step in the right direction, but more can be done.",Health & Wellness,Facilities
416,The college gym could use better equipment and ventilation. It makes a real difference in daily student life.,Health & Wellness,Facilities
417,The college gym could use better equipment and ventilation. Such improvements would greatly benefit everyone.,Health & Wellness,Facilities
418,There needs to be more awareness about hygiene practices in the cafeteria. This needs urgent attention.,Health & Wellness,Health & Wellness
419,Mental health support services should be expanded. Such improvements would greatly benefit everyone.,Health & Wellness,Health & Wellness
420,"The college gym could use better equipment and ventilation. Overall, the experience has been mixed.",Health & Wellness,Facilities
421,"The campus medical center is quick to respond in emergencies. Overall, the experience has been mixed.",Health & Wellness,Facilities
422,"Health checkup camps organized by the college are really helpful. It’s a step in the right direction, but more can be done.",Health & Wellness,Health & Wellness
423,The college gym could use better equipment and ventilation. It makes a real difference in daily student life.,Health & Wellness,Facilities
424,"Health checkup camps organized by the college are really helpful. Overall, the experience has been mixed.",Health & Wellness,Health & Wellness
425,Health checkup camps organized by the college are really helpful. This needs urgent attention.,Health & Wellness,Health & Wellness
426,Health checkup camps organized by the college are really helpful. This needs urgent attention.,Health & Wellness,Health & Wellness
427,"The campus medical center is quick to respond in emergencies. It’s a step in the right direction, but more can be done.",Health & Wellness,Facilities
428,Health checkup camps organized by the college are really helpful. Such improvements would greatly benefit everyone.,Health & Wellness,Health & Wellness
429,"Health checkup camps organized by the college are really helpful. It’s a step in the right direction, but more can be done.",Health & Wellness,Health & Wellness
430,There needs to be more awareness about hygiene practices in the cafeteria. This needs urgent attention.,Health & Wellness,Health & Wellness
431,Mental health support services should be expanded. Such improvements would greatly benefit everyone.,Health & Wellness,Health & Wellness
432,The college gym could use better equipment and ventilation. It makes a real difference in daily student life.,Health & Wellness,Facilities
433,"The campus medical center is quick to respond in emergencies. Overall, the experience has been mixed.",Health & Wellness,Facilities
434,There needs to be more awareness about hygiene practices in the cafeteria. Such improvements would greatly benefit everyone.,Health & Wellness,Health & Wellness
435,The campus medical center is quick to respond in emergencies. It makes a real difference in daily student life.,Health & Wellness,Facilities
436,There needs to be more awareness about hygiene practices in the cafeteria. It makes a real difference in daily student life.,Health & Wellness,Health & Wellness
437,Mental health support services should be expanded. Such improvements would greatly benefit everyone.,Health & Wellness,Health & Wellness
438,Health checkup camps organized by the college are really helpful. Such improvements would greatly benefit everyone.,Health & Wellness,Health & Wellness
439,Mental health support services should be expanded. This needs urgent attention.,Health & Wellness,Health & Wellness
440,"The campus medical center is quick to respond in emergencies. It’s a step in the right direction, but more can be done.",Health & Wellness,Facilities
441,The college gym could use better equipment and ventilation. It makes a real difference in daily student life.,Health & Wellness,Facilities
442,"Health checkup camps organized by the college are really helpful. It’s a step in the right direction, but more can be done.",Health & Wellness,Health & Wellness
443,There needs to be more awareness about hygiene practices in the cafeteria. Such improvements would greatly benefit everyone.,Health & Wellness,Health & Wellness
444,"There needs to be more awareness about hygiene practices in the cafeteria. It’s a step in the right direction, but more can be done.",Health & Wellness,Health & Wellness
445,The campus medical center is quick to respond in emergencies. Such improvements would greatly benefit everyone.,Health & Wellness,Facilities
446,There needs to be more awareness about hygiene practices in the cafeteria. Such improvements would greatly benefit everyone.,Health & Wellness,Health & Wellness
447,The campus medical center is quick to respond in emergencies. This needs urgent attention.,Health & Wellness,Facilities
448,"There needs to be more awareness about hygiene practices in the cafeteria. Overall, the experience has been mixed.",Health & Wellness,Facility
449,"Mental health support services should be expanded. Overall, the experience has been mixed.",Health & Wellness,Health & Wellness
450,"Mental health support services should be expanded. It’s a step in the right direction, but more can be done.",Health & Wellness,Health & Wellness
451,Shuttle services between hostels and main campus are very convenient. It makes a real difference in daily student life.,Transport & Accessibility,Transport & Accessibility
452,Accessibility for differently-abled students should be improved. Such improvements would greatly benefit everyone.,Transport & Accessibility,Accessibility
453,The footpaths near the entrance are broken and difficult to walk on. Such improvements would greatly benefit everyone.,Transport & Accessibility,Facilities
454,The college should increase parking space for students’ vehicles. It makes a real difference in daily student life.,Transport & Accessibility,Facilities
455,"Buses often arrive late in the evening, especially for students in remote areas. It makes a real difference in daily student life.",Transport & Accessibility,Transport & Accessibility
456,"Shuttle services between hostels and main campus are very convenient. Overall, the experience has been mixed.",Transport & Accessibility,Transport & Accessibility
457,The college should increase parking space for students’ vehicles. This needs urgent attention.,Transport & Accessibility,Facilities
458,"Buses often arrive late in the evening, especially for students in remote areas. This needs urgent attention.",Transport & Accessibility,Transport & Accessibility
459,"Accessibility for differently-abled students should be improved. Overall, the experience has been mixed.",Transport & Accessibility,Facility
460,"Accessibility for differently-abled students should be improved. It’s a step in the right direction, but more can be done.",Transport & Accessibility,Accessibility
461,Accessibility for differently-abled students should be improved. This needs urgent attention.,Transport & Accessibility,Accessibility
462,"The college should increase parking space for students’ vehicles. Overall, the experience has been mixed.",Transport & Accessibility,Facilities
463,The college should increase parking space for students’ vehicles. It makes a real difference in daily student life.,Transport & Accessibility,Facilities
464,"The footpaths near the entrance are broken and difficult to walk on. It’s a step in the right direction, but more can be done.",Transport & Accessibility,Facilities
465,"Shuttle services between hostels and main campus are very convenient. It’s a step in the right direction, but more can be done.",Transport & Accessibility,Transport & Accessibility
466,"The college should increase parking space for students’ vehicles. Overall, the experience has been mixed.",Transport & Accessibility,Facilities
467,Shuttle services between hostels and main campus are very convenient. It makes a real difference in daily student life.,Transport & Accessibility,Transport & Accessibility
468,The college should increase parking space for students’ vehicles. It makes a real difference in daily student life.,Transport & Accessibility,Facilities
469,The footpaths near the entrance are broken and difficult to walk on. Such improvements would greatly benefit everyone.,Transport & Accessibility,Facilities
470,"The college should increase parking space for students’ vehicles. It’s a step in the right direction, but more can be done.",Transport & Accessibility,Facilities
471,"Shuttle services between hostels and main campus are very convenient. Overall, the experience has been mixed.",Transport & Accessibility,Transport & Accessibility
472,Shuttle services between hostels and main campus are very convenient. Such improvements would greatly benefit everyone.,Transport & Accessibility,Transport & Accessibility
473,"Buses often arrive late in the evening, especially for students in remote areas. It’s a step in the right direction, but more can be done.",Transport & Accessibility,Transport & Accessibility
474,"Accessibility for differently-abled students should be improved. Overall, the experience has been mixed.",Transport & Accessibility,Facility
475,The footpaths near the entrance are broken and difficult to walk on. This needs urgent attention.,Transport & Accessibility,Transport & Accessibility
476,"Buses often arrive late in the evening, especially for students in remote areas. This needs urgent attention.",Transport & Accessibility,Transport & Accessibility
477,"Buses often arrive late in the evening, especially for students in remote areas. It’s a step in the right direction, but more can be done.",Transport & Accessibility,Transport & Accessibility
478,The footpaths near the entrance are broken and difficult to walk on. Such improvements would greatly benefit everyone.,Transport & Accessibility,Facilities
479,"Shuttle services between hostels and main campus are very convenient. Overall, the experience has been mixed.",Transport & Accessibility,Transport & Accessibility
480,The footpaths near the entrance are broken and difficult to walk on. This needs urgent attention.,Transport & Accessibility,Transport & Accessibility
481,The college should increase parking space for students’ vehicles. It makes a real difference in daily student life.,Transport & Accessibility,Facilities
482,"Accessibility for differently-abled students should be improved. It’s a step in the right direction, but more can be done.",Transport & Accessibility,Accessibility
483,The college should increase parking space for students’ vehicles. It makes a real difference in daily student life.,Transport & Accessibility,Facilities
484,"Buses often arrive late in the evening, especially for students in remote areas. Overall, the experience has been mixed.",Transport & Accessibility,Transport & Accessibility
485,Accessibility for differently-abled students should be improved. This needs urgent attention.,Transport & Accessibility,Accessibility
486,"The footpaths near the entrance are broken and difficult to walk on. It’s a step in the right direction, but more can be done.",Transport & Accessibility,Facilities
487,"Shuttle services between hostels and main campus are very convenient. Overall, the experience has been mixed.",Transport & Accessibility,Transport & Accessibility
488,The college should increase parking space for students’ vehicles. This needs urgent attention.,Transport & Accessibility,Facilities
489,"Accessibility for differently-abled students should be improved. Overall, the experience has been mixed.",Transport & Accessibility,Facility
490,The college should increase parking space for students’ vehicles. It makes a real difference in daily student life.,Transport & Accessibility,Facilities
491,"Accessibility for differently-abled students should be improved. It’s a step in the right direction, but more can be done.",Transport & Accessibility,Accessibility
492,"The college should increase parking space for students’ vehicles. It’s a step in the right direction, but more can be done.",Transport & Accessibility,Facilities
493,The college should increase parking space for students’ vehicles. It makes a real difference in daily student life.,Transport & Accessibility,Facilities
494,"The college should increase parking space for students’ vehicles. It’s a step in the right direction, but more can be done.",Transport & Accessibility,Facilities
495,"The college should increase parking space for students’ vehicles. It’s a step in the right direction, but more can be done.",Transport & Accessibility,Facilities
496,Shuttle services between hostels and main campus are very convenient. It makes a real difference in daily student life.,Transport & Accessibility,Transport & Accessibility
497,The footpaths near the entrance are broken and difficult to walk on. It makes a real difference in daily student life.,Transport & Accessibility,Facilities
498,"The college should increase parking space for students’ vehicles. It’s a step in the right direction, but more can be done.",Transport & Accessibility,Facilities
499,The footpaths near the entrance are broken and difficult to walk on. It makes a real difference in daily student life.,Transport & Accessibility,Facilities
500,The footpaths near the entrance are broken and difficult to walk on. This needs urgent attention.,Transport & Accessibility,Transport & Accessibility
